season,time_step,True value,Prediction with ture data,Prediction w/o GAIN,Prediction with GAIN,Prediction with fine-tuned GAIN
Winter,0,24.89331437,24.88780594,27.58101463,26.09047318,25.79971695
Winter,1,23.47083926,24.15510178,16.64025688,22.41526604,23.99226952
Winter,2,23.29302987,22.15746689,18.83159447,22.19400787,22.8884716
Winter,3,22.75960171,20.80898285,12.7509203,18.32484245,19.63060188
Winter,4,23.11522048,23.29896164,14.04274368,20.87487984,22.2440033
Winter,5,22.9374111,24.48508835,17.70816803,22.14282608,23.08433151
Winter,6,25.78236131,27.27342033,25.97412109,27.44247055,27.66856575
Winter,7,34.67283073,28.69604874,29.18589592,29.06926155,29.04523659
Winter,8,33.07254623,31.1604805,25.82009125,28.5123291,29.24992371
Winter,9,31.82788051,33.19234467,31.87006187,32.37356567,32.26775742
Winter,10,30.93883357,32.96399689,29.69664764,31.63393211,32.26172256
Winter,11,31.82788051,32.19168472,23.37336731,29.00152779,30.25627327
Winter,12,30.93883357,31.64388466,26.54909325,30.01352501,30.46466255
Winter,13,30.93883357,31.2526741,29.31522751,30.44907379,30.84392929
Winter,14,29.51635846,30.29776001,24.79149818,28.83396149,29.39438057
Winter,15,29.16073969,29.71899223,23.35197449,27.15925217,28.25436783
Winter,16,28.80512091,29.95940781,20.98139763,26.88726044,28.65006828
Winter,17,29.16073969,31.18906593,29.69514656,30.24697876,30.29318047
Winter,18,30.22759602,32.25053787,24.59573364,29.9169445,31.22304916
Winter,19,31.11664296,31.54048729,26.20428085,29.80528259,30.33712196
Winter,20,32.0056899,31.39984894,16.21983528,27.25253677,29.66507721
Winter,21,29.87197724,31.01411629,20.17954636,27.19096756,28.72192001
Winter,22,27.73826458,30.32437515,20.80438805,26.91609573,28.36598396
Winter,23,26.67140825,27.15799713,23.02926636,26.49566841,27.18013382
Winter,24,25.60455192,25.12079048,23.60208893,24.47330666,24.74348259
Winter,25,23.82645804,23.28659439,14.66090679,21.08416176,22.7725544
Winter,26,23.47083926,23.65391922,19.54074287,22.68822479,23.52568626
Winter,27,22.75960171,23.49980927,18.88110161,22.94522095,23.97469902
Winter,28,22.9374111,22.89393044,13.53489208,21.16580963,23.06760788
Winter,29,22.75960171,25.02243614,21.69808197,25.21435928,25.72912407
Winter,30,23.47083926,25.15002823,28.29574966,26.78318214,26.2434864
Winter,31,24.53769559,29.66753387,24.71837616,27.94757462,28.55040169
Winter,32,28.9829303,31.66211891,22.97496605,28.5719223,29.75104904
Winter,33,34.13940256,31.38504601,25.82622719,29.48555374,30.47722626
Winter,34,35.0284495,31.83280563,29.11728477,31.41398239,32.36447144
Winter,35,35.20625889,32.97976685,21.55035782,28.82062149,30.68456459
Winter,36,35.20625889,32.58452225,28.72152138,30.97211647,31.51030159
Winter,37,34.31721195,30.99869728,30.72621346,31.22793388,31.50650215
Winter,38,34.31721195,31.30516434,24.66411972,29.91510201,31.0743351
Winter,39,32.18349929,29.91503906,19.88268089,27.03365898,28.71879578
Winter,40,30.93883357,30.11859131,27.42085838,29.64613724,30.12483215
Winter,41,30.22759602,30.61168098,18.24492073,27.34207535,29.44402504
Winter,42,30.40540541,31.30474472,22.69869614,28.07663727,29.29406738
Winter,43,32.18349929,32.12042618,29.75825691,30.9145546,30.98374176
Winter,44,31.47226174,31.51156044,28.83770561,30.67898369,31.01926422
Winter,45,29.51635846,32.36181641,25.98284531,30.17471313,30.685112
Winter,46,27.56045519,29.47046471,20.03469467,26.91453552,28.49493408
Winter,47,26.31578947,26.97702217,13.36263847,22.86671257,25.08877945
Winter,48,25.9601707,24.75459671,19.63533592,23.37610626,24.45405388
Winter,49,24.00426743,24.3956356,20.17368889,23.48090172,24.27771568
Winter,50,23.64864865,22.39574623,20.60101891,22.56983757,23.22311592
Winter,51,22.9374111,22.24962425,20.63383484,22.74865723,23.4505043
Winter,52,23.11522048,22.32363319,22.28493118,23.20711708,23.57084274
Winter,53,22.9374111,23.1524868,16.42774773,21.76384544,22.74100876
Winter,54,23.29302987,27.27109146,31.51930809,29.32487297,28.47377586
Winter,55,24.00426743,29.54167747,22.88709831,27.54945374,28.33158302
Winter,56,27.91607397,30.77039337,25.00347328,28.78762817,29.54656601
Winter,57,33.6059744,33.58634949,29.67036057,32.21229553,32.59869766
Winter,58,36.09530583,32.76265335,21.59098053,29.33114624,30.97857857
Winter,59,36.628734,31.12814331,27.5100708,29.59721184,30.09877586
Winter,60,36.628734,31.29443932,31.66789246,30.86598015,30.67014122
Winter,61,35.0284495,31.30450439,29.54866982,31.03171349,31.43414307
Winter,62,32.71692745,30.58793449,32.72634125,31.02248573,30.97431755
Winter,63,31.29445235,31.38041115,18.91939735,27.35566139,29.26532364
Winter,64,29.69416785,30.65914345,23.17333603,28.0486927,29.13401794
Winter,65,29.87197724,30.26442719,20.32657242,26.75985718,28.13345909
Winter,66,31.11664296,32.11360168,20.14864349,28.13599205,29.94138908
Winter,67,32.36130868,33.091465,29.05981827,31.44685745,31.94088554
Winter,68,32.71692745,32.95603561,19.73282623,28.71654701,30.63288498
Winter,69,30.76102418,30.5550251,20.77317429,27.8890667,29.51605034
Winter,70,28.09388336,28.86000252,19.2818737,25.98475838,27.26336098
Winter,71,26.67140825,26.6600647,22.00781059,25.35343552,26.08382034
Winter,72,25.07112376,25.32998657,22.49648285,24.54840469,24.96427345
Winter,73,24.3598862,24.8083744,21.52803612,24.70247459,25.37916946
Winter,74,23.64864865,22.73461914,11.73143959,20.7428894,22.73062515
Winter,75,22.9374111,22.76260757,23.55031967,23.37677383,23.67372322
Winter,76,23.29302987,22.65232277,14.21602917,20.83102608,22.21304131
Winter,77,22.9374111,25.25921822,23.29831886,24.45253563,24.85406113
Winter,78,26.13798009,27.07232666,28.48113251,28.17316055,27.951437
Winter,79,34.31721195,30.78783035,23.51610756,28.61402893,29.66227531
Winter,80,34.13940256,31.23617744,24.74909592,28.42758369,29.41383362
Winter,81,34.85064011,33.7868042,30.85617638,32.23292923,32.39472961
Winter,82,34.13940256,32.50754547,28.66841698,31.55428696,32.0851593
Winter,83,31.29445235,31.99867821,24.68301582,29.68066978,30.70135117
Winter,84,30.76102418,31.71070099,30.63476563,30.93253136,31.06420708
Winter,85,31.11664296,32.19155121,24.90273285,30.3831768,31.70841408
Winter,86,30.76102418,30.59593391,22.14402008,28.58761597,30.05144501
Winter,87,29.16073969,30.00000763,20.58853722,27.11186981,28.67145538
Winter,88,28.09388336,29.62755394,32.32725525,31.59812737,31.67352104
Winter,89,28.44950213,30.31077957,26.92667198,28.97755432,29.44909096
Winter,90,30.22759602,31.10632515,28.24653053,30.17888641,30.62812042
Winter,91,33.07254623,31.79163742,21.64037323,28.26176453,29.87120819
Winter,92,35.20625889,34.16555023,20.10508156,29.15014458,31.06016922
Winter,93,32.0056899,30.5845356,17.09113503,25.99046135,27.97074699
Winter,94,28.09388336,29.45597076,21.41674805,27.04224586,28.35592461
Winter,95,26.67140825,27.26801682,24.02310181,26.65926361,27.20158768
Winter,96,24.71550498,25.38842201,17.45802116,23.08549118,24.41315842
Winter,97,23.64864865,23.76425362,17.78799438,22.67268944,23.9195137
Winter,98,23.29302987,23.29541779,22.13921356,23.36488914,24.14929771
Winter,99,22.9374111,21.84669304,20.53426743,22.28868866,22.71022034
Winter,100,23.11522048,23.40608788,11.89654446,20.72502327,22.328125
Winter,101,22.9374111,24.33861351,18.10897446,23.45115089,24.53255463
Winter,102,25.42674253,27.2180233,24.64961243,26.06629753,26.64842415
Winter,103,34.13940256,30.37546349,19.56471443,26.37862778,27.53476715
Winter,104,33.25035562,31.08893013,26.41679573,29.66320801,30.74506187
Winter,105,31.11664296,31.80894279,34.00297165,32.45550919,31.99703026
Winter,106,30.40540541,32.61764526,26.36155128,31.30573273,32.24016953
Winter,107,30.93883357,32.52682114,30.68921661,31.80712509,32.1349144
Winter,108,29.87197724,32.29950714,29.53255653,30.51996422,30.92150497
Winter,109,30.04978663,31.14876556,21.03358841,28.20789337,30.05302811
Winter,110,29.51635846,30.46071434,28.40176392,30.0519104,30.45189476
Winter,111,27.3826458,30.83924103,24.75120926,29.10817337,30.23671341
Winter,112,27.20483642,29.68102074,18.02724075,26.39116859,28.33460236
Winter,113,27.91607397,30.63029671,24.59785271,28.55994034,29.38331795
Winter,114,30.58321479,30.68533134,27.36903954,29.46278381,29.89943695
Winter,115,32.89473684,31.9268856,26.94800568,30.36235619,30.91823959
Winter,116,33.96159317,30.90476418,23.83390427,27.75996208,28.51366425
Winter,117,30.40540541,31.48514175,27.82367516,29.89998627,30.1299572
Winter,118,28.09388336,30.17300415,24.48596573,28.03748703,28.49770927
Winter,119,26.49359886,26.68385315,16.83726883,23.62849998,25.01106834
Winter,120,24.89331437,25.92942619,23.41664314,26.34768677,26.54435158
Winter,121,23.47083926,24.04837418,8.012073517,19.32273102,21.98217964
Winter,122,23.11522048,22.49234581,20.16731071,22.13802528,22.90975761
Winter,123,22.58179232,21.57065392,19.21702194,21.92562866,22.62471199
Winter,124,23.11522048,21.76328087,19.47454643,22.22123146,22.98797607
Winter,125,22.9374111,25.08754158,26.6677475,26.03128815,25.75631142
Winter,126,27.02702703,26.67641068,16.47431374,23.96025658,25.69108582
Winter,127,35.38406828,29.8080368,28.74463654,28.80546188,28.73886108
Winter,128,34.31721195,31.5248394,24.44783211,29.58939171,30.7632885
Winter,129,31.29445235,34.12316895,25.52935982,31.01809883,32.07250214
Winter,130,30.22759602,33.30224228,22.10022736,29.04623413,30.57436371
Winter,131,30.93883357,32.53872681,29.88455582,31.61925507,31.92651176
Winter,132,30.40540541,32.08760834,20.94732094,28.63648796,30.43394852
Winter,133,31.11664296,30.67790794,26.05080605,29.31724548,30.03796577
Winter,134,30.58321479,30.80568123,26.04527664,29.49986076,30.2268219
Winter,135,28.62731152,29.61148071,28.54038811,29.42963028,29.82546425
Winter,136,28.62731152,28.93829346,19.29635239,26.21813583,27.66371155
Winter,137,28.80512091,29.37879562,20.0965271,26.70627213,28.03149986
Winter,138,30.58321479,31.50292587,20.49102211,27.37471962,28.7719593
Winter,139,32.36130868,31.96798134,21.77997208,29.08649254,30.55007553
Winter,140,35.0284495,32.02946091,25.64265633,29.71289063,30.22358131
Winter,141,31.65007112,30.33802605,17.79973602,26.85796738,28.59902382
Winter,142,27.91607397,28.80773354,28.39592361,28.86640167,28.74907684
Winter,143,26.67140825,27.6305809,22.26842499,26.43813705,26.97030067
Winter,144,25.24893314,25.28470039,15.74883747,22.91292572,24.55437279
Winter,145,23.11522048,22.76846886,18.89768982,22.33427238,23.10979652
Winter,146,22.9374111,22.95272636,14.45284653,21.44143105,23.19886208
Winter,147,22.58179232,22.805233,17.97548294,22.50317383,23.58601952
Winter,148,23.11522048,21.50205994,16.58738518,20.69645882,21.85688782
Winter,149,22.9374111,25.21813202,25.65586662,26.09139442,26.03336906
Winter,150,25.60455192,26.72521782,25.1408596,26.11422348,26.22980309
Winter,151,33.42816501,29.215271,23.7771492,27.42364311,27.89545631
Winter,152,32.71692745,31.78363228,33.67389679,31.73632431,31.47448349
Winter,153,31.11664296,32.91423798,24.06758499,29.99826431,31.42615509
Winter,154,29.51635846,32.58882523,25.38183975,29.86744118,30.63580132
Winter,155,24.18207681,33.67689133,24.23321342,29.81326485,31.10482788
Winter,156,9.779516358,32.74689484,29.6019268,31.59097672,31.99439621
Winter,157,11.20199147,30.893507,25.07669258,28.11256599,28.93297386
Winter,158,9.068278805,31.37920761,23.13033295,29.22759247,30.72818375
Winter,159,8.001422475,30.12708664,23.61461258,29.07821465,30.28781891
Winter,160,7.823613087,30.39686775,19.7133503,26.99165154,28.95136452
Winter,161,8.712660028,30.6600914,19.92259026,27.02989769,28.47439766
Winter,162,10.84637269,30.80714798,24.46141815,27.80541611,28.63829803
Winter,163,13.33570413,30.59618378,21.52974319,27.66576958,29.04780006
Winter,164,13.51351351,31.62663651,22.9928093,29.04034042,30.06228447
Winter,165,12.2688478,29.9127903,29.35438156,29.18794632,29.05862045
Winter,166,8.890469417,29.96920395,30.62733078,30.08325005,29.8483963
Winter,167,6.578947368,28.19359779,17.95348358,25.7751503,27.33259964
Spring,0,23.47083926,23.46637726,16.60861588,22.97582436,24.59768867
Spring,1,21.51493599,22.08134651,16.13681412,20.80493927,22.02548981
Spring,2,21.15931721,19.27215576,19.19181633,20.56643867,20.86875916
Spring,3,19.91465149,18.66294479,12.69018078,19.04888535,20.70985985
Spring,4,20.27027027,19.5327034,11.93888474,18.58580971,20.27469063
Spring,5,20.80369844,22.16570282,17.65797424,21.20965195,22.090765
Spring,6,23.11522048,24.90988159,19.3849144,23.96744347,25.07154655
Spring,7,25.42674253,27.78541183,22.85874748,26.76215172,27.73937416
Spring,8,29.87197724,30.12608147,21.20360756,27.74491692,29.31150436
Spring,9,32.71692745,31.25927162,25.88945007,29.45736885,30.2767067
Spring,10,33.6059744,30.7334938,26.14154434,28.98386383,29.65367889
Spring,11,36.27311522,31.1506424,27.57963371,30.1735096,30.7049675
Spring,12,33.78378378,31.08899498,17.57580185,27.77093887,30.33506012
Spring,13,32.18349929,29.67372704,18.06180382,27.14904594,29.36416245
Spring,14,29.69416785,29.53665543,26.30679512,28.42596245,28.94405746
Spring,15,28.9829303,29.84992599,18.18609238,26.88459396,29.07456017
Spring,16,27.56045519,29.03793144,25.75504303,28.28497124,28.91588783
Spring,17,29.69416785,30.80644989,26.05002594,29.7490406,30.67413902
Spring,18,31.29445235,31.56835747,32.10387802,31.57206726,31.3921814
Spring,19,32.53911807,30.65499306,20.86449814,28.20478821,30.00432968
Spring,20,30.40540541,30.90902328,31.62082863,30.54519844,30.20758247
Spring,21,29.87197724,29.72268105,16.40814972,26.26707649,28.77790833
Spring,22,28.9829303,27.9056263,21.62569618,26.57382584,27.87477875
Spring,23,25.78236131,25.59849358,23.89395332,25.21380806,25.51019859
Spring,24,24.00426743,22.85558128,13.98023796,20.70881462,22.42432404
Spring,25,21.87055477,21.37429047,21.48687744,22.04280853,22.27514458
Spring,26,20.98150782,20.99954224,17.00741768,20.82953072,21.81960678
Spring,27,20.44807966,19.6372509,17.31156158,19.78680229,20.41914177
Spring,28,20.44807966,20.57021141,12.986022,20.40279388,22.17920685
Spring,29,20.62588905,22.62995148,13.3893671,20.60254288,22.41750145
Spring,30,24.71550498,24.1738739,16.00312805,22.57580757,24.19609642
Spring,31,33.6059744,28.2748642,20.43990517,26.48280716,27.97809029
Spring,32,34.13940256,30.0666523,25.33204269,28.30105209,29.0255909
Spring,33,30.40540541,31.13574982,27.40729904,30.33591843,31.02300262
Spring,34,28.09388336,31.56828308,28.62257767,30.85934639,31.28770256
Spring,35,27.91607397,32.30591583,19.98646545,29.19974518,31.44819641
Spring,36,27.91607397,31.49099159,29.43193245,31.10810852,31.42891884
Spring,37,26.49359886,30.86865425,22.14097404,28.53811646,30.02401924
Spring,38,27.91607397,30.22764587,21.93451691,27.93346024,29.4100399
Spring,39,26.67140825,28.97138596,23.29256058,28.55054665,29.83431435
Spring,40,24.89331437,30.02206993,28.5466938,30.53819084,31.11545563
Spring,41,27.20483642,30.72710991,23.24438286,28.82272911,30.21406555
Spring,42,28.44950213,31.13001251,22.49193192,27.77298164,29.09724998
Spring,43,30.76102418,31.14953041,19.61242485,27.91730499,30.05040359
Spring,44,30.76102418,29.63599586,25.80683899,28.11519051,28.85087585
Spring,45,27.3826458,30.44259834,19.91041374,26.75174713,28.50769234
Spring,46,24.71550498,28.17596245,16.31197548,24.94198799,27.1028862
Spring,47,23.11522048,25.64985466,16.24687576,23.45921898,25.2496624
Spring,48,20.98150782,23.93056679,17.47098732,22.36239433,23.61039925
Spring,49,18.84779516,20.94326591,6.27038002,18.20156097,21.21636581
Spring,50,17.60312945,19.52164459,7.672064304,17.86981773,20.42910004
Spring,51,16.89189189,20.35000992,17.20967102,20.74245834,21.68259621
Spring,52,16.53627312,20.14126968,13.98202133,20.25917625,21.84230995
Spring,53,17.06970128,20.6088028,17.20918274,21.21047974,22.27087784
Spring,54,19.73684211,25.24816895,21.78995705,24.4431591,25.11073685
Spring,55,23.29302987,28.44376373,23.84363747,27.00596428,27.79958916
Spring,56,28.27169275,29.30321312,24.96259117,27.86941338,28.46784782
Spring,57,28.44950213,32.08728027,27.53936958,30.61345291,31.32513046
Spring,58,30.04978663,32.2628212,31.72786903,31.75940132,31.69424248
Spring,59,29.69416785,31.67737961,23.14070892,29.71996117,31.29386711
Spring,60,30.22759602,30.8576107,22.36576653,28.50234032,29.97125626
Spring,61,29.33854908,30.42408562,26.24285889,28.84570503,29.46761131
Spring,62,28.27169275,30.41433907,22.71501732,28.08448219,29.4427948
Spring,63,27.56045519,31.2185173,21.50349236,29.21351814,31.15914345
Spring,64,28.62731152,29.77585411,22.9842186,28.21738052,29.4881115
Spring,65,27.91607397,30.2924614,23.63021469,28.46611977,29.67275429
Spring,66,29.51635846,32.28327942,30.13064384,31.27885246,31.59733963
Spring,67,33.07254623,31.50939178,26.73152161,29.71403122,30.52650833
Spring,68,34.31721195,32.56246567,27.08471298,30.52732086,31.43833542
Spring,69,28.44950213,30.24015617,18.4572258,26.50054932,28.48940277
Spring,70,25.9601707,27.63898849,23.15295029,26.00583458,26.72394753
Spring,71,24.71550498,25.83240509,23.00276184,25.17658806,25.7163372
Spring,72,22.75960171,23.20824242,18.2852993,22.10842514,23.03898621
Spring,73,19.38122333,22.73111725,18.56233788,22.30776978,23.24846077
Spring,74,17.78093883,21.6067009,11.45245647,19.53552818,21.53382683
Spring,75,16.89189189,20.83491516,18.523983,21.40023994,22.11209488
Spring,76,16.7140825,20.95153236,16.59174156,21.65397072,22.91707039
Spring,77,17.24751067,23.53459358,16.84261894,22.34845734,23.76587296
Spring,78,19.20341394,24.21385956,23.87382126,24.86557579,25.17760277
Spring,79,21.3371266,29.58579826,21.31511497,27.20281601,28.60226822
Spring,80,26.67140825,30.69337273,18.52666473,27.04844856,29.17859459
Spring,81,31.11664296,31.33927917,27.56770515,30.19583702,30.74389267
Spring,82,35.73968706,32.53548431,26.13072777,30.99088287,32.1509285
Spring,83,34.31721195,32.62685013,32.9611969,32.07639694,31.79926491
Spring,84,32.53911807,31.47797585,27.43935394,30.14761543,30.7657795
Spring,85,27.73826458,31.56339836,25.18557739,29.70555115,30.77019882
Spring,86,26.31578947,30.88072205,21.19741249,28.73058891,30.49922752
Spring,87,27.56045519,29.28635216,20.84952354,27.40685463,28.97156525
Spring,88,26.31578947,29.45205498,20.54801941,27.49023628,29.26496124
Spring,89,28.27169275,29.46655464,23.19964218,27.41739655,28.54114914
Spring,90,27.20483642,31.2735939,30.57729721,30.7965107,30.83910942
Spring,91,32.53911807,31.38087082,22.49924469,29.19923401,30.84522629
Spring,92,35.56187767,33.10374451,27.61632347,31.06506157,32.00062561
Spring,93,30.04978663,30.27866554,29.4168396,29.26669502,29.27977371
Spring,94,26.13798009,27.73048401,22.02469826,25.10534477,25.88505363
Spring,95,23.29302987,25.83209419,20.53303528,23.70794106,24.46705246
Spring,96,20.62588905,22.75520897,20.10534859,22.42548943,23.11425972
Spring,97,18.13655761,21.82752609,15.52975178,21.17240334,22.53908539
Spring,98,17.42532006,21.51374435,17.93292427,21.01416397,21.75374794
Spring,99,16.89189189,19.51656532,12.92977047,19.08438873,20.67672729
Spring,100,17.24751067,21.69919968,11.87085438,19.57784462,21.41205215
Spring,101,17.42532006,22.82504845,20.90374756,23.92599297,24.66179276
Spring,102,22.58179232,25.57320404,28.06233406,26.06967545,25.4524231
Spring,103,33.42816501,28.13708496,24.52655792,26.64445496,27.16512489
Spring,104,32.71692745,29.56940651,28.13098145,29.56724548,29.84803963
Spring,105,27.91607397,31.08913803,23.33635139,28.56999588,29.79115868
Spring,106,27.56045519,32.72533035,28.40839005,31.62887955,32.38578033
Spring,107,28.09388336,33.05884171,22.63953018,29.58251572,31.19177628
Spring,108,28.44950213,30.95966148,22.47341156,27.71834946,28.94751549
Spring,109,27.3826458,31.17353249,24.08224869,29.5082016,30.85917282
Spring,110,27.20483642,30.8100338,27.49078941,29.58106422,30.10652924
Spring,111,24.3598862,29.86724281,19.40737724,27.67015076,29.72294426
Spring,112,25.42674253,29.5306282,30.0872097,29.5601902,29.38788986
Spring,113,25.42674253,30.63760376,30.70846367,30.61671829,30.59368515
Spring,114,29.16073969,29.78809166,16.41671371,26.81218147,29.45763206
Spring,115,32.36130868,31.73085403,26.49716377,29.95728111,30.93756866
Spring,116,33.96159317,31.09854889,30.41355324,30.73666954,30.85167885
Spring,117,30.93883357,30.39912224,25.42133904,28.58581924,29.44097137
Spring,118,27.02702703,29.72830009,23.26111794,28.11777496,29.39357185
Spring,119,24.00426743,24.83477974,15.38924599,21.76997185,23.36121178
Spring,120,20.27027027,24.35887718,20.1985569,24.19443893,25.27778053
Spring,121,17.95874822,22.70010185,16.92929077,21.07999039,22.16275978
Spring,122,17.78093883,20.16562653,17.42626572,21.00369453,21.96256256
Spring,123,16.89189189,19.62988853,16.41583633,20.24098778,21.2394886
Spring,124,16.89189189,19.88949203,16.07817268,21.12264442,22.37401199
Spring,125,17.78093883,23.41688156,22.02940178,23.33911705,23.69164467
Spring,126,22.75960171,25.2733593,22.57699776,25.11833954,25.69449043
Spring,127,33.6059744,28.68146133,16.89550972,25.82413673,28.05459213
Spring,128,31.29445235,30.27261162,21.07305908,26.84376717,28.26566124
Spring,129,27.3826458,32.75070953,30.24283409,31.5798378,31.79789352
Spring,130,27.56045519,32.49959564,26.90032005,30.21983337,31.05244446
Spring,131,26.13798009,33.06718445,34.41891479,33.84362793,33.63857269
Spring,132,25.78236131,32.61351776,20.2751255,29.47156334,31.7446022
Spring,133,25.24893314,29.08824539,22.04343605,26.74346924,27.86966896
Spring,134,27.20483642,30.02988815,20.12072372,28.27770996,30.1971035
Spring,135,24.00426743,29.76371002,22.99533081,28.05086327,29.3175087
Spring,136,24.18207681,29.22453499,22.35286331,27.41475677,28.68364716
Spring,137,24.71550498,29.76693535,28.51420784,30.45002174,31.04320908
Spring,138,28.27169275,32.36800003,23.20732498,29.14805412,30.6870575
Spring,139,30.40540541,33.11617279,29.39279938,31.83615685,32.48455429
Spring,140,32.18349929,33.20108032,34.55094147,33.22907639,32.93104172
Spring,141,28.27169275,30.03094482,23.29826355,28.16256523,29.38076782
Spring,142,25.42674253,27.52029991,23.1200695,27.03507042,28.01666451
Spring,143,23.64864865,26.64497185,22.74707603,26.03500748,26.89587212
Spring,144,20.27027027,25.18374252,14.84117222,22.87503624,24.91792107
Spring,145,17.78093883,20.72912788,15.19857883,20.53568077,21.82212257
Spring,146,17.42532006,20.95731163,16.8940258,20.31679916,21.14672661
Spring,147,16.7140825,21.33184814,16.37730217,21.65347672,22.98630333
Spring,148,17.06970128,20.08391953,18.52939606,20.03535843,20.43556404
Spring,149,17.60312945,24.02124977,21.66371727,24.94186211,25.79216385
Spring,150,22.9374111,26.1320591,19.80142975,24.24332809,25.32955933
Spring,151,34.85064011,28.393713,26.97409439,27.34988785,27.38671112
Spring,152,33.6059744,31.20240402,25.33359337,29.33431625,30.26861
Spring,153,27.20483642,31.87187767,28.07529259,31.13490105,31.88777542
Spring,154,27.56045519,32.43368149,29.83225822,31.38908577,31.76464462
Spring,155,29.51635846,32.21232986,32.85866165,30.98298454,30.43481636
Spring,156,27.91607397,32.2804184,30.95251083,31.7005558,31.77027512
Spring,157,27.3826458,30,27.62548637,29.07358742,29.40663528
Spring,158,27.02702703,29.83174896,17.98749161,27.31293106,29.64043045
Spring,159,25.07112376,30.26534462,24.08388329,29.29104805,30.57655144
Spring,160,25.07112376,29.91525459,21.49666023,27.72251129,29.29295921
Spring,161,26.49359886,30.68874931,28.51430321,30.18687248,30.61238289
Spring,162,28.80512091,31.23081779,35.72227478,32.36610031,31.47246552
Spring,163,29.69416785,30.10346031,23.82235146,28.19392395,29.32934952
Spring,164,34.31721195,31.447155,26.92637444,30.13785553,30.98262215
Spring,165,30.04978663,29.73757935,23.93516922,27.66590309,28.65277863
Spring,166,27.56045519,27.44407082,24.12630844,26.20395279,26.78645134
Spring,167,27.3826458,26.81276512,25.22206879,26.698246,27.10227203
Summer,0,32.18349929,31.45264244,25.91505623,28.97516632,29.74517441
Summer,1,27.73826458,29.00938225,13.47567844,22.90636635,25.29993439
Summer,2,25.24893314,25.85343933,15.41098881,21.93569374,23.54086304
Summer,3,25.07112376,24.59095192,20.49833679,24.16945457,25.10183334
Summer,4,25.42674253,28.03494453,23.03712654,26.20472908,26.98210907
Summer,5,28.27169275,29.15718079,15.81470013,23.98373032,25.96209526
Summer,6,33.42816501,31.88660049,20.01205826,26.9018631,28.7739048
Summer,7,35.91749644,34.3844223,23.86378479,29.66757202,31.17515945
Summer,8,38.58463727,36.49466705,22.61125183,30.16440201,32.0218811
Summer,9,33.96159317,36.41573715,31.29151154,33.57893372,34.11624146
Summer,10,33.25035562,35.80918884,24.9361515,30.89752388,32.47940826
Summer,11,32.71692745,34.80025864,20.95227814,29.13228989,31.17730522
Summer,12,34.67283073,34.54541779,26.84083557,31.31167984,32.45090866
Summer,13,33.96159317,33.32010651,33.06158066,33.54653549,33.66439056
Summer,14,33.25035562,34.18102646,27.62324142,31.69956779,32.78279495
Summer,15,31.11664296,34.32462692,19.59117126,28.4437809,30.76376724
Summer,16,30.93883357,33.10510635,23.66688728,29.83835602,31.33565521
Summer,17,32.18349929,35.2912941,28.97481918,31.53607559,32.10902405
Summer,18,34.67283073,37.42185974,29.67338943,33.91585541,34.94618225
Summer,19,36.80654339,37.84921646,26.15267563,32.40477371,33.88897324
Summer,20,38.58463727,38.23343658,17.91548157,29.7458725,32.66035843
Summer,21,34.13940256,37.77677536,24.73260307,31.05705261,32.65070724
Summer,22,21.51493599,34.40058136,21.37593651,29.07693291,30.9725647
Summer,23,15.64722617,33.16490173,22.76421928,29.15690994,30.63705063
Summer,24,33.07254623,31.01591682,23.99059296,27.63342285,28.43221855
Summer,25,27.3826458,27.45341682,23.16370964,26.17713928,26.96360207
Summer,26,25.42674253,26.08905983,16.75050735,23.28796768,24.9512825
Summer,27,25.24893314,26.17943573,19.72790718,24.39893341,25.51906013
Summer,28,25.42674253,26.84845734,15.37923908,23.23792267,25.20093346
Summer,29,28.27169275,29.39931107,15.09325314,24.37863159,26.73816299
Summer,30,32.89473684,31.94807625,27.43929291,29.8935318,30.50177574
Summer,31,36.27311522,35.35644913,26.62111855,30.70590782,31.64824486
Summer,32,37.87339972,36.83372116,23.8562355,30.84055519,32.63970947
Summer,33,33.07254623,36.12212753,36.04733276,36.28871918,36.4177475
Summer,34,33.25035562,34.87401962,28.62050438,32.41838455,33.39867783
Summer,35,35.20625889,36.36728668,30.06797981,33.81485748,34.71225357
Summer,36,33.25035562,35.49429703,28.41254234,32.85342789,33.98228455
Summer,37,34.31721195,33.85831451,23.24682045,29.25494194,30.8279953
Summer,38,34.13940256,33.43013,28.23599434,31.99544525,33.00014496
Summer,39,33.6059744,33.41413879,22.44275284,28.8092308,30.3061676
Summer,40,33.07254623,34.34476471,28.05813408,31.89095688,32.91718674
Summer,41,34.13940256,35.80820084,24.78319168,30.35175705,31.73775673
Summer,42,34.49502134,36.3247261,25.06777954,31.202034,32.74837494
Summer,43,35.20625889,38.54241562,25.22031975,32.09130096,33.89477539
Summer,44,37.69559033,37.204422,31.71389008,34.69525146,35.53599548
Summer,45,32.53911807,37.45430374,25.10582542,31.94301987,33.70598221
Summer,46,31.11664296,35.75846481,23.00253487,29.79385567,31.55500984
Summer,47,33.07254623,32.55184555,12.84797001,24.83530045,27.84287834
Summer,48,31.82788051,30.52244377,29.30023956,30.21722794,30.43516731
Summer,49,28.27169275,28.06475258,20.81744003,25.2443676,26.28923607
Summer,50,25.07112376,25.64920616,13.13150597,21.05526733,23.12229347
Summer,51,25.60455192,25.52150917,18.06051826,23.16052628,24.54577637
Summer,52,25.24893314,25.81219482,21.34877396,24.85261726,25.70913506
Summer,53,27.91607397,27.25789642,16.46148682,24.18743706,26.06231308
Summer,54,32.0056899,31.9779892,18.56758499,25.98009682,27.97825432
Summer,55,32.71692745,34.34883881,26.84446144,30.73055267,31.69694519
Summer,56,33.25035562,35.85594177,26.51346397,31.32432175,32.41416931
Summer,57,35.0284495,36.41846466,35.90028763,35.7020607,35.70412827
Summer,58,35.20625889,35.2417984,40.8731842,37.54316711,36.73896027
Summer,59,34.13940256,34.55209732,29.74963951,32.45277405,33.17086792
Summer,60,36.09530583,33.66492081,28.33815575,31.50935745,32.33969498
Summer,61,34.85064011,33.88851547,27.95657158,31.52279472,32.43809891
Summer,62,33.25035562,32.68532181,36.24943542,34.19075012,33.61934662
Summer,63,32.89473684,34.20651245,21.64709091,28.88767242,30.71873093
Summer,64,32.71692745,34.13566589,29.67837143,32.32672501,33.00765228
Summer,65,33.6059744,35.66103363,31.13461113,33.68595886,34.39926147
Summer,66,33.42816501,37.4343071,25.77122116,31.8991394,33.47169495
Summer,67,35.20625889,37.00724792,24.23721313,31.44552803,33.32459259
Summer,68,35.73968706,39.44569016,28.19722748,33.59780502,35.0136261
Summer,69,31.82788051,37.18088913,20.01254082,28.98524094,31.25812149
Summer,70,30.40540541,34.60803223,18.10617447,27.56389427,29.84760666
Summer,71,32.53911807,33.71481323,25.6683712,30.30058098,31.39221191
Summer,72,32.53911807,30.35016823,24.77478218,28.57150269,29.50515366
Summer,73,27.56045519,27.99085808,22.70936012,26.75428963,27.71773338
Summer,74,25.42674253,26.28798294,17.11522102,23.49496078,25.16285896
Summer,75,25.9601707,25.26004982,20.84247589,24.36536789,25.24557686
Summer,76,25.42674253,26.61265755,28.254673,27.97724915,27.89190102
Summer,77,27.91607397,28.81165886,27.7423687,28.15770149,28.24305725
Summer,78,31.11664296,30.89217758,25.98535538,29.16638184,29.98730087
Summer,79,30.22759602,34.69096375,22.44342804,29.17730331,30.85991669
Summer,80,31.65007112,36.41989136,24.10128975,30.43300056,32.01200867
Summer,81,34.67283073,35.68802261,27.43714905,31.97893715,33.05178452
Summer,82,34.31721195,37.05121994,26.65795517,33.17689896,34.7539444
Summer,83,35.73968706,34.90125656,24.17939377,30.22422028,31.90038681
Summer,84,36.45092461,34.15940475,27.01821136,31.69294357,32.89630127
Summer,85,34.49502134,34.25177002,19.94128799,28.81381607,30.91373634
Summer,86,32.89473684,33.68005371,27.78749466,32.04136658,33.06607819
Summer,87,32.89473684,33.07427979,23.32156181,29.73949623,31.36449623
Summer,88,33.78378378,33.8246727,27.56710625,32.21839905,33.42551041
Summer,89,33.6059744,35.67218781,34.99650955,34.67816162,34.66963959
Summer,90,35.0284495,37.50421906,26.98934746,32.20371628,33.66144562
Summer,91,38.0512091,38.15615845,15.6728487,27.69991112,30.65888214
Summer,92,41.60739687,39.95280838,21.15879822,30.94386864,33.33107758
Summer,93,34.85064011,37.92416763,14.12170982,27.58911514,30.88893127
Summer,94,33.6059744,35.61532211,18.1477356,27.62865067,29.91954422
Summer,95,33.07254623,32.80921173,26.03458405,29.69892502,30.63776588
Summer,96,32.71692745,29.71287727,32.50428009,31.64358711,31.33608437
Summer,97,28.09388336,27.62503815,15.93106556,23.52271271,25.35896683
Summer,98,25.07112376,26.04551697,20.8191433,24.33753586,25.12125397
Summer,99,25.78236131,24.87142181,23.8286705,25.78686142,26.34972763
Summer,100,25.42674253,26.06226349,19.5316143,24.23801613,25.37080765
Summer,101,27.3826458,29.57381248,34.06002045,31.85426331,31.25200462
Summer,102,31.47226174,30.7127533,18.01490593,24.63190651,26.3180275
Summer,103,34.49502134,35.15694427,22.90379715,28.92346764,30.48106766
Summer,104,37.87339972,35.33768845,27.35940742,31.73083687,32.91200256
Summer,105,35.0284495,36.01135254,27.7126236,31.94867134,33.06913757
Summer,106,35.56187767,35.27351379,34.90207672,35.30241013,35.35934448
Summer,107,32.71692745,34.88824081,25.68254471,31.10864258,32.47369003
Summer,108,33.78378378,34.38150024,24.86881065,29.43676186,30.59904099
Summer,109,35.0284495,33.67407608,24.65456772,30.53624535,31.99293709
Summer,110,33.78378378,33.45418167,29.31127739,31.8958683,32.69011688
Summer,111,32.36130868,33.44358063,23.47674942,29.14588737,30.50715446
Summer,112,32.89473684,32.96594238,30.1770668,31.99142838,32.43405914
Summer,113,32.71692745,34.39372635,32.7648735,33.90995026,34.23916626
Summer,114,36.09530583,35.79663849,23.2113018,30.03567886,31.74896049
Summer,115,40.71834993,37.97096634,28.2449398,33.27098846,34.59416962
Summer,116,41.96301565,38.20291901,22.07969856,30.36754036,32.35757065
Summer,117,34.13940256,36.72636795,24.11078835,30.19107056,31.72498512
Summer,118,32.71692745,35.84431458,34.29165649,34.39166641,34.3326683
Summer,119,33.07254623,32.1969223,14.92993069,24.52362251,27.03761864
Summer,120,32.89473684,30.38911057,27.49742508,30.51248932,31.18921661
Summer,121,27.3826458,27.85505295,26.81751823,27.67032433,27.88166428
Summer,122,25.24893314,25.88771439,16.31526184,22.44379807,23.94598198
Summer,123,25.24893314,24.17609024,24.24403763,25.43775558,25.7845192
Summer,124,25.24893314,26.20425415,24.39412308,26.62243462,27.15573883
Summer,125,28.44950213,29.35062027,19.79599953,25.14947701,26.61039543
Summer,126,31.82788051,31.9533062,21.91459465,28.10604858,29.6113224
Summer,127,34.49502134,34.93032837,27.43735695,31.26174164,32.3178978
Summer,128,36.628734,35.39903641,28.39906693,32.04366684,32.92007828
Summer,129,34.67283073,37.15375137,24.55633354,30.8245182,32.32386398
Summer,130,34.49502134,35.24653625,28.50439262,32.09150314,32.94856262
Summer,131,34.31721195,35.57592773,27.30791092,31.88383675,32.94978714
Summer,132,32.89473684,35.60965729,26.74039268,31.95854378,33.35167313
Summer,133,32.89473684,33.23355865,22.24921989,29.38286018,31.27367973
Summer,134,32.71692745,32.70853424,31.75646973,32.7004509,32.95784378
Summer,135,30.40540541,31.7701149,27.86733818,30.82653236,31.55980301
Summer,136,29.69416785,32.5517807,27.50277519,30.76960373,31.73707771
Summer,137,31.82788051,34.28000259,38.0972023,35.6041832,35.05511475
Summer,138,34.67283073,36.93815613,20.32673073,29.37589264,31.74552917
Summer,139,38.0512091,37.96856689,23.61834145,30.97702217,32.81518173
Summer,140,40.00711238,39.13009262,30.72605515,34.70222855,35.6783371
Summer,141,34.49502134,35.74188995,27.96959114,31.96312332,32.9563179
Summer,142,33.6059744,34.49663925,22.79044914,29.11421585,30.69872665
Summer,143,33.42816501,33.66705704,17.43511009,26.73477745,29.14869881
Summer,144,33.42816501,31.41330719,29.8457756,31.07645798,31.39358902
Summer,145,27.3826458,27.85082626,20.83692741,26.22120285,27.58648109
Summer,146,20.27027027,25.17882156,23.16954613,25.5074234,26.10367012
Summer,147,22.58179232,26.43735695,13.22942924,20.97905159,22.96289825
Summer,148,27.73826458,25.60093498,20.05808258,24.30472946,25.30210686
Summer,149,29.16073969,29.37843704,32.51715088,30.82917023,30.41452217
Summer,150,32.89473684,31.94051933,10.43316841,23.13649559,26.42608833
Summer,151,36.80654339,33.97058105,28.77809334,31.84259415,32.53568649
Summer,152,40.54054054,36.50853348,28.65601921,32.47807693,33.40225601
Summer,153,37.51778094,36.64133453,26.93354225,32.93103409,34.41500473
Summer,154,35.73968706,36.75619888,33.4936409,34.44208527,34.78365707
Summer,155,33.78378378,35.15301895,25.64426804,30.37040138,31.65950394
Summer,156,33.42816501,34.67420578,29.17873001,32.56800461,33.39829254
Summer,157,32.89473684,33.3772049,20.1029892,27.82334328,29.6955986
Summer,158,32.53911807,33.28264236,32.50068665,33.37351608,33.61648941
Summer,159,32.89473684,32.25497818,31.29849434,32.59020233,33.01906967
Summer,160,32.89473684,33.58492661,17.53964233,27.30546951,29.81428146
Summer,161,33.25035562,34.85497665,32.75634384,33.95411301,34.13765335
Summer,162,35.91749644,35.91057205,29.7253437,33.24263763,34.06916046
Summer,163,41.60739687,37.24539566,21.41238022,30.22783661,32.46902084
Summer,164,43.38549075,37.45366287,17.32278061,28.31788254,31.07893562
Summer,165,37.16216216,36.54223633,26.55262756,31.6068306,32.82799911
Summer,166,33.42816501,35.80067062,25.82139587,30.67510796,31.87057495
Summer,167,33.07254623,32.96844482,19.7249279,27.79987335,29.72118759
Autumn,0,19.55903272,18.13454628,13.51446724,19.71897125,21.24642181
Autumn,1,17.78093883,17.84000015,7.977046967,17.11081505,19.38950157
Autumn,2,16.89189189,16.29309845,17.49013901,18.12913322,18.16730118
Autumn,3,16.53627312,13.61106777,12.69343185,14.65695667,15.14402771
Autumn,4,16.7140825,17.28651428,13.18613625,16.99847984,17.93272209
Autumn,5,17.42532006,17.1676693,13.01206875,17.56336594,18.74002266
Autumn,6,20.44807966,21.31144714,19.27391815,20.32192612,20.50047493
Autumn,7,28.9829303,21.66040039,12.96291447,20.14296913,21.9171257
Autumn,8,28.09388336,23.28354645,13.12120247,21.32492256,23.36508179
Autumn,9,27.20483642,26.40021706,20.62161064,25.79188919,27.05689049
Autumn,10,27.56045519,27.44634628,27.13555527,27.62036705,27.68671036
Autumn,11,24.3598862,25.26960373,18.94174957,25.20255661,26.75402832
Autumn,12,24.18207681,24.41557884,20.35451317,24.33539581,25.3278141
Autumn,13,24.89331437,25.73766136,20.31302834,25.21639633,26.41578865
Autumn,14,24.89331437,24.36851883,21.62553787,23.89850998,24.49361992
Autumn,15,22.22617354,22.12095261,15.43855286,20.91028404,22.35122681
Autumn,16,23.29302987,23.48521805,20.79734993,22.77967262,23.24774361
Autumn,17,25.60455192,24.4871769,26.05799675,24.38523293,23.95315552
Autumn,18,25.24893314,24.23167992,13.64134502,21.92235756,24.04172897
Autumn,19,29.33854908,26.46768188,22.20418167,26.02910233,27.01984406
Autumn,20,29.16073969,25.02234459,23.0947876,24.71773148,25.2723484
Autumn,21,26.67140825,26.37418556,24.84483528,25.20826721,25.32345581
Autumn,22,22.9374111,23.36869812,11.30765247,20.59947014,22.93458557
Autumn,23,21.15931721,21.75767899,14.45057106,22.08679962,23.93845177
Autumn,24,19.20341394,19.10193253,13.30160713,19.44969177,21.02117157
Autumn,25,17.24751067,16.9571476,9.922405243,17.38400841,19.14741516
Autumn,26,16.89189189,17.4311924,15.38567066,19.12356758,19.95160866
Autumn,27,16.53627312,18.68440056,16.22992516,18.94135666,19.5734272
Autumn,28,16.89189189,16.97017288,13.42446423,17.68710136,18.76169395
Autumn,29,17.60312945,17.91252708,14.09085369,17.31080055,18.17640305
Autumn,30,20.44807966,20.54151917,17.66406822,20.9246788,21.67474747
Autumn,31,28.80512091,23.76681709,16.54307365,22.39543724,23.83220673
Autumn,32,27.73826458,25.62518883,17.80183029,23.23077011,24.57399368
Autumn,33,26.84921764,25.61773109,26.41201973,25.48797989,25.23059082
Autumn,34,26.49359886,24.94200897,19.92591286,23.77175331,24.7087841
Autumn,35,25.42674253,25.60654068,17.50641823,24.58533287,26.41096306
Autumn,36,25.42674253,23.68037033,20.93921661,23.18874359,23.84246826
Autumn,37,24.3598862,22.24582863,16.86040115,21.51556396,22.54900551
Autumn,38,23.64864865,24.51623535,20.10580063,23.56093979,24.52084732
Autumn,39,22.22617354,23.89193726,21.63962555,23.86164474,24.53232765
Autumn,40,22.22617354,23.01089096,13.99463654,22.01281357,24.0279541
Autumn,41,23.82645804,21.78636169,19.35051918,21.28608513,21.70259666
Autumn,42,26.13798009,24.10198975,16.63281631,22.8454628,24.44412804
Autumn,43,27.56045519,24.2685318,21.07774925,22.96939659,23.4818306
Autumn,44,28.80512091,24.93044853,16.64809036,23.61311531,25.43478584
Autumn,45,27.3826458,26.32782364,20.96839333,24.17520142,24.96279144
Autumn,46,23.29302987,23.28122139,15.17275715,22.20960808,23.9554863
Autumn,47,20.80369844,20.46496582,14.66572285,19.24423027,20.41447639
Autumn,48,18.84779516,18.46058083,11.73277855,18.13863564,19.76542854
Autumn,49,17.42532006,19.49052048,12.24038792,18.60297775,20.1404686
Autumn,50,16.7140825,14.97594643,13.42419434,16.96374893,17.75297546
Autumn,51,16.18065434,15.38561535,5.986913204,14.43384457,16.47266579
Autumn,52,16.7140825,16.7361393,12.99106693,17.16135597,18.24023819
Autumn,53,17.24751067,18.52292252,16.16929626,18.43033218,19.05160904
Autumn,54,19.91465149,19.21522331,16.24475479,18.70562553,19.34594727
Autumn,55,28.44950213,20.23551559,11.02221489,18.09617233,19.97800636
Autumn,56,28.09388336,23.78549385,17.46585846,21.83764267,23.00241089
Autumn,57,26.67140825,23.52616119,18.22624588,21.84187126,22.87882996
Autumn,58,25.42674253,25.69723129,19.37150383,23.35359383,24.31225777
Autumn,59,24.00426743,23.50200272,17.5714798,22.04624939,23.19471359
Autumn,60,23.64864865,26.45213127,22.75170517,25.76665115,26.46316338
Autumn,61,23.82645804,23.57699776,18.23457146,23.28772926,24.72357941
Autumn,62,23.82645804,21.79294205,16.47885513,20.3464489,21.35059929
Autumn,63,25.60455192,19.89181137,17.18915749,20.68584824,21.61720657
Autumn,64,23.82645804,23.31698036,17.49858665,21.84839058,23.05847359
Autumn,65,23.82645804,23.46568108,21.38962746,22.60097313,22.90241241
Autumn,66,25.07112376,22.05996323,16.89795303,20.9203968,21.89066887
Autumn,67,27.3826458,26.1774807,25.16158676,26.45976639,26.75931549
Autumn,68,28.80512091,23.53626633,20.57065201,23.34019661,24.03620911
Autumn,69,26.13798009,23.28388023,18.56042862,21.96819305,22.86770439
Autumn,70,23.11522048,23.53073883,20.08761978,22.84313583,23.49288368
Autumn,71,21.3371266,19.88373566,14.87282085,20.09244347,21.38220787
Autumn,72,18.84779516,19.49888229,14.0029335,18.73468971,19.86767578
Autumn,73,17.60312945,17.76972961,4.787427902,16.90659523,19.92073441
Autumn,74,16.89189189,15.53760147,10.88695526,15.5618,16.57448196
Autumn,75,16.35846373,14.13646698,10.2422533,14.19221687,15.22324944
Autumn,76,16.89189189,16.57294464,18.13961601,17.300354,16.98400307
Autumn,77,17.24751067,17.35879326,16.66229248,16.96420097,17.06186485
Autumn,78,20.27027027,21.23598671,12.98746681,20.43050957,22.2340107
Autumn,79,27.91607397,19.6599369,11.44631672,17.64878082,19.26721573
Autumn,80,27.91607397,22.1730175,12.63432503,20.07452393,22.07875633
Autumn,81,26.31578947,26.00479698,18.24102402,24.32975769,25.90322495
Autumn,82,26.67140825,23.12627983,12.43209171,20.81605148,23.08363914
Autumn,83,25.24893314,24.14744186,21.91143608,23.42346954,23.81825447
Autumn,84,24.89331437,23.5119133,20.85968208,23.02658081,23.51823997
Autumn,85,24.53769559,23.17847633,20.96929359,24.22533798,25.05234718
Autumn,86,23.29302987,23.58150482,16.58261871,22.23552132,23.61520195
Autumn,87,21.69274538,22.94738007,17.24600792,22.85302353,24.38950729
Autumn,88,22.22617354,23.24796486,21.42816353,23.22215843,23.69441795
Autumn,89,24.18207681,23.73576736,17.95999146,23.03493309,24.38996696
Autumn,90,25.24893314,23.96466446,19.04742622,23.00187683,23.96444511
Autumn,91,28.09388336,25.25679207,24.57544327,25.15502739,25.33602524
Autumn,92,29.16073969,25.65642166,26.18827248,25.09412003,24.83038712
Autumn,93,25.42674253,22.65190506,16.37044907,21.37392044,22.7493782
Autumn,94,22.58179232,23.21145058,11.34236717,20.26113319,22.56681252
Autumn,95,20.80369844,20.62918282,18.97344017,20.12115669,20.37524414
Autumn,96,19.02560455,18.06429482,17.83196259,18.03962517,18.16084671
Autumn,97,17.24751067,18.08961678,11.33175087,17.52937889,19.10845947
Autumn,98,16.53627312,14.12347603,10.60426998,13.88895607,14.61564064
Autumn,99,16.35846373,15.3120985,12.64991283,16.21058846,17.13168907
Autumn,100,16.7140825,16.36325645,12.7177248,17.13721275,18.16200638
Autumn,101,17.24751067,18.37547684,16.01508331,18.63576508,19.19123268
Autumn,102,19.73684211,20.42326164,15.45111084,19.50701332,20.50266838
Autumn,103,28.27169275,22.93799019,10.46016884,21.36631775,24.05821228
Autumn,104,27.73826458,24.727808,19.5380764,23.38766479,24.26974678
Autumn,105,27.56045519,24.73438263,13.68974113,22.15582275,24.26497459
Autumn,106,26.84921764,25.03455353,16.10555077,23.16658783,24.97253799
Autumn,107,26.67140825,24.79896355,14.56565857,24.25740814,26.64214897
Autumn,108,25.9601707,25.7201004,20.0053997,24.31314468,25.4678421
Autumn,109,25.07112376,23.23404694,11.98814678,22.13900185,24.61356544
Autumn,110,24.53769559,21.73392868,15.72880363,21.29817963,22.72314453
Autumn,111,22.58179232,22.57058525,21.44036865,22.89550591,23.32600784
Autumn,112,23.47083926,23.73201942,19.58006477,22.74389839,23.5389576
Autumn,113,23.29302987,23.2808094,21.57527161,22.76208687,23.09454727
Autumn,114,24.53769559,25.03797531,20.00966835,24.23919106,25.31944466
Autumn,115,25.78236131,24.21079445,20.49436951,23.43637657,24.21561432
Autumn,116,25.78236131,25.05786324,15.25166607,22.82021523,24.71215248
Autumn,117,22.9374111,24.48196793,24.05378342,23.79890823,23.84596062
Autumn,118,21.87055477,21.89690781,12.58899689,21.3841629,23.53274918
Autumn,119,20.62588905,20.15764999,10.70294285,19.53358078,21.67243195
Autumn,120,19.38122333,19.26693153,12.78979683,19.80777168,21.55692101
Autumn,121,17.95874822,16.16725159,11.89972019,16.62018967,17.82386208
Autumn,122,17.06970128,15.9060297,11.35895634,17.42144394,18.85246086
Autumn,123,16.53627312,15.69846916,11.42594337,15.79409504,16.79953957
Autumn,124,17.06970128,14.71531105,11.41407204,15.37254047,16.28493881
Autumn,125,17.60312945,16.13267899,9.01738739,14.52638912,15.89038849
Autumn,126,17.78093883,19.46777344,15.91064358,20.2582283,21.22297859
Autumn,127,20.27027027,21.2906208,10.43468952,18.92751503,21.0968399
Autumn,128,24.53769559,24.57396507,12.1904583,20.76015282,22.97749901
Autumn,129,27.56045519,25.98742485,19.86536026,24.35507011,25.55323982
Autumn,130,28.44950213,27.70239639,22.44179344,26.1744957,27.20757294
Autumn,131,28.62731152,23.74369431,12.52946377,22.19305229,24.57802773
Autumn,132,27.73826458,24.81904793,21.62505722,24.37431908,25.0910778
Autumn,133,27.3826458,23.93729401,20.88032532,23.51554871,24.17632484
Autumn,134,27.73826458,24.46035576,22.93224907,24.06084061,24.38128853
Autumn,135,25.9601707,22.30737114,17.27058601,21.78375626,22.98527527
Autumn,136,23.82645804,23.33527565,14.48549747,22.33255386,24.24055672
Autumn,137,23.82645804,22.55781174,18.89091682,23.00738525,24.08266068
Autumn,138,24.18207681,22.09758759,18.93767357,21.24425316,21.83888245
Autumn,139,25.24893314,22.33161163,19.27607155,22.28861427,23.01282692
Autumn,140,24.3598862,22.0902729,13.43519688,20.81456947,22.76926994
Autumn,141,23.11522048,22.97237778,13.21054554,20.58985901,22.49697876
Autumn,142,21.15931721,23.04356194,12.74348164,21.20498657,23.33662796
Autumn,143,20.27027027,20.74160194,16.54784966,20.71085358,21.85337067
Autumn,144,19.38122333,17.50856781,12.98712349,18.03127861,19.36770439
Autumn,145,17.95874822,18.16729164,12.60742283,18.29641724,19.74760056
Autumn,146,17.24751067,16.96477318,16.71727562,18.27735138,18.60041237
Autumn,147,16.53627312,15.71316624,10.76665401,15.52996922,16.65166283
Autumn,148,16.7140825,16.66893005,10.83788204,16.80537415,18.28450966
Autumn,149,17.24751067,15.87797928,15.39525986,15.70662308,15.8738184
Autumn,150,17.06970128,18.81183434,16.26580048,18.68588829,19.37502289
Autumn,151,18.13655761,21.37184334,18.92558479,20.67089462,21.18079567
Autumn,152,22.22617354,22.7840538,17.75058365,22.27493095,23.48154449
Autumn,153,27.73826458,26.15742493,16.83522987,23.6576786,25.32116508
Autumn,154,27.91607397,26.07609558,18.03442764,25.04193115,26.81687355
Autumn,155,28.27169275,24.4555397,16.11902046,22.82396507,24.42855072
Autumn,156,28.44950213,23.75429535,21.60584831,23.16627502,23.61814308
Autumn,157,27.20483642,24.63884544,20.28221321,23.84350967,24.75509071
Autumn,158,26.13798009,22.68362808,14.84659576,21.75039291,23.58719444
Autumn,159,24.89331437,22.22283554,14.39939404,21.84519958,23.65887451
Autumn,160,22.75960171,23.10537148,17.11323929,22.22958183,23.58814621
Autumn,161,24.18207681,22.38212776,15.03086662,21.55931091,23.22777939
Autumn,162,23.82645804,22.71529198,24.85500336,22.74291229,22.3019104
Autumn,163,25.07112376,24.97218513,21.83409119,24.12801933,24.72067261
Autumn,164,24.00426743,24.59630203,16.24397469,22.44332695,24.12617493
Autumn,165,23.64864865,24.12738037,19.71679688,22.83028984,23.67397881
Autumn,166,21.3371266,23.53119469,20.51870155,22.9888401,23.64138412
Autumn,167,20.27027027,21.1964817,12.61330605,20.23817635,22.21598816
